[
  {
    "DocNo": "DOC-1000",
    "Date": "05-08-2025",
    "Markers": [
      {
        "MarkerNo": "M1",
        "LayerQty": 2,
        "JobCards": [
          {
            "JobCardID": "JC-1000-DUMMY-01",
            "PRO_NO": "1000",
            "Sizes": {
              "22": 2,
              "24": 2,
              "24XL": 2
            }
          }
        ],
        "Status": "Marking Finish"
      },
      {
        "MarkerNo": "M2",
        "LayerQty": 3,
        "JobCards": [
          {
            "JobCardID": "JC-1000-DUMMY-01",
            "PRO_NO": "1000",
            "Sizes": {
              "22": 3,
              "24": 3
            }
          }
        ],
        "Status": "Pending Plotting"
      }
    ],
    "Customer": "SALEEK",
    "Item": "PANT",
    "ArtNo": "452",
    "Fabric": "SUITING - BEAVOR - ATLANTIS",
    "SizeDetails": [
      {
        "JobCardID": "JC-1000-DUMMY-01",
        "Size": "22",
        "Qty": 2,
        "Label": "JC-1000-DUMMY-01-22(A)",
        "Marker": "M1"
      },
      {
        "JobCardID": "JC-1000-DUMMY-01",
        "Size": "24",
        "Qty": 2,
        "Label": "JC-1000-DUMMY-01-24(A)",
        "Marker": "M1"
      },
      {
        "JobCardID": "JC-1000-DUMMY-01",
        "Size": "24XL",
        "Qty": 2,
        "Label": "JC-1000-DUMMY-01-24XL(A)",
        "Marker": "M1"
      },
      {
        "JobCardID": "JC-1000-DUMMY-01",
        "Size": "22",
        "Qty": 3,
        "Label": "JC-1000-DUMMY-01-22(B)",
        "Marker": "M2"
      },
      {
        "JobCardID": "JC-1000-DUMMY-01",
        "Size": "24",
        "Qty": 3,
        "Label": "JC-1000-DUMMY-01-24(B)",
        "Marker": "M2"
      }
    ]
  },
  {
    "DocNo": "DOC-2000-3000",
    "Date": "05-08-2025",
    "Markers": [
      {
        "MarkerNo": "M1",
        "LayerQty": 1,
        "JobCards": [
          {
            "JobCardID": "JC-2000-DUMMY-01",
            "PRO_NO": "2000",
            "Sizes": {
              "22": 1
            }
          },
          {
            "JobCardID": "JC-3000-DUMMY-01",
            "PRO_NO": "3000",
            "Sizes": {
              "52": 1,
              "50": 1,
              "ff": 1
            }
          }
        ],
        "Status": "Plotted Marker"
      },
      {
        "MarkerNo": "M2",
        "LayerQty": 1,
        "JobCards": [
          {
            "JobCardID": "JC-3000-DUMMY-01",
            "PRO_NO": "3000",
            "Sizes": {
              "52": 1,
              "50": 1,
              "ff": 1
            }
          }
        ],
        "Status": "Pending Plotting"
      }
    ],
    "Customer": "",
    "Item": "",
    "ArtNo": "",
    "Fabric": "No fabric info",
    "SizeDetails": [
      {
        "JobCardID": "JC-2000-DUMMY-01",
        "Size": "22",
        "Qty": 1,
        "Label": "JC-2000-DUMMY-01-22(A)",
        "Marker": "M1"
      },
      {
        "JobCardID": "JC-3000-DUMMY-01",
        "Size": "52",
        "Qty": 1,
        "Label": "JC-3000-DUMMY-01-52(A)",
        "Marker": "M1"
      },
      {
        "JobCardID": "JC-3000-DUMMY-01",
        "Size": "50",
        "Qty": 1,
        "Label": "JC-3000-DUMMY-01-50(A)",
        "Marker": "M1"
      },
      {
        "JobCardID": "JC-3000-DUMMY-01",
        "Size": "ff",
        "Qty": 1,
        "Label": "JC-3000-DUMMY-01-ff(A)",
        "Marker": "M1"
      },
      {
        "JobCardID": "JC-3000-DUMMY-01",
        "Size": "52",
        "Qty": 1,
        "Label": "JC-3000-DUMMY-01-52(B)",
        "Marker": "M2"
      },
      {
        "JobCardID": "JC-3000-DUMMY-01",
        "Size": "50",
        "Qty": 1,
        "Label": "JC-3000-DUMMY-01-50(B)",
        "Marker": "M2"
      },
      {
        "JobCardID": "JC-3000-DUMMY-01",
        "Size": "ff",
        "Qty": 1,
        "Label": "JC-3000-DUMMY-01-ff(B)",
        "Marker": "M2"
      }
    ]
  }
]