[
    {
        "Customer": "SALEEK",
        "Item": "PANT",
        "PRO_NO": "1000",
        "Delivered_Qty": 15,
        "Delivery_Date": "05-08-2025",
        "PRO_BOX_MAP": [
            {
                "PRO_NO": "1000",
                "BOX_NO": "BOX-001",
                "SIZES": {
                    "22": 10,
                    "24": 5
                },
                "UNSIZE": {}
            }
        ]
    },
    {
        "Customer": "SALEEK",
        "Item": "PANT",
        "PRO_NO": "5000",
        "Delivered_Qty": 103,
        "Delivery_Date": "05-08-2025",
        "PRO_BOX_MAP": [
            {
                "PRO_NO": "5000",
                "BOX_NO": "BOX-001",
                "SIZES": {
                    "22": 35,
                    "24": 3
                },
                "UNSIZE": {
                    "ddd": 65
                }
            }
        ]
    }
]