[
  {
    "JobCardID": "JC-1000-DUMMY-01",
    "PRO_NO": "1000",
    "Mode": "DummyCAD",
    "OrderDate": "8/5/25",
    "DueDate": "8/5/25",
    "Customer": "SALEEK",
    "Item": "PANT",
    "Art_No": "452",
    "Total_Qty": 30,
    "PieceRate": "",
    "Vendor": "",
    "Logo": false,
    "LogoPos": "",
    "Embroidery": false,
    "EmbPos": "",
    "Fabrics": [
      [
        "SUITING",
        "BEAVOR",
        "ATLANTIS",
        "586",
        "PLAIN",
        "58\"",
        "36.0"
      ]
    ],
    "Sizes": {
      "22": 10,
      "24": 15
    },
    "Unsizes": {
      "24XL": 5
    },
    "ProdNotes": [],
    "OtherInstructions": [],
    "Created": "2025-08-05 14:42:28",
    "Stages": []
  },
  {
    "JobCardID": "JC-2000-DUMMY-01",
    "PRO_NO": "2000",
    "Mode": "DummyCAD",
    "OrderDate": "8/5/25",
    "DueDate": "8/5/25",
    "Customer": "",
    "Item": "",
    "Art_No": "",
    "Total_Qty": 10,
    "PieceRate": "",
    "Vendor": "",
    "Logo": false,
    "LogoPos": "",
    "Embroidery": false,
    "EmbPos": "",
    "Fabrics": [],
    "Sizes": {
      "22": 10
    },
    "Unsizes": {},
    "ProdNotes": [],
    "OtherInstructions": [],
    "Created": "2025-08-05 18:10:38",
    "Stages": []
  },
  {
    "JobCardID": "JC-3000-DUMMY-01",
    "PRO_NO": "3000",
    "Mode": "DummyCAD",
    "OrderDate": "8/5/25",
    "DueDate": "8/5/25",
    "Customer": "vipin",
    "Item": "PANT",
    "Art_No": "555",
    "Total_Qty": 55,
    "PieceRate": "",
    "Vendor": "",
    "Logo": false,
    "LogoPos": "",
    "Embroidery": false,
    "EmbPos": "",
    "Fabrics": [],
    "Sizes": {
      "52": 30,
      "50": 20
    },
    "Unsizes": {
      "ff": 5
    },
    "ProdNotes": [],
    "OtherInstructions": [],
    "Created": "2025-08-05 18:10:44",
    "Stages": []
  },
  {
    "JobCardID": "JC-100-DUMMY-01",
    "PRO_NO": "100",
    "Mode": "DummyCAD",
    "OrderDate": "8/5/25",
    "DueDate": "8/5/25",
    "Customer": "",
    "Item": "",
    "Art_No": "",
    "Total_Qty": 11,
    "PieceRate": "",
    "Vendor": "",
    "Logo": false,
    "LogoPos": "",
    "Embroidery": false,
    "EmbPos": "",
    "Fabrics": [],
    "Sizes": {
      "22": 10,
      "23": 1
    },
    "Unsizes": {},
    "ProdNotes": [],
    "OtherInstructions": [],
    "Created": "2025-08-05 18:13:23",
    "Stages": []
  }
]