[
  {
    "EntryID": "STOCK-001",
    "Mode": "UNIT_IN",
    "LinkedID": "",
    "JobCardID": "",
    "Vendor": "",
    "PRO_NO": "1000",
    "Fabric": "SUITING - BEAVOR - ATLANTIS - 586 - PLAIN - 58\"",
    "Qty": 100.0,
    "Date": "8/5/25",
    "Note": "",
    "Status": ""
  },
  {
    "EntryID": "STOCK-002",
    "Mode": "IN_PROD",
    "LinkedID": "",
    "JobCardID": "JC-1000-IN-01",
    "Vendor": "",
    "Customer": "SALEEK",
    "Art_No": "452",
    "PRO_NO": "1000",
    "Fabric": "SUITING - BEAVOR - ATLANTIS - 586 - PLAIN - 58\"",
    "Qty": 23.0,
    "Date": "05-Aug-2025",
    "Note": "",
    "Status": "",
    "ProductionID": "PROD-001"
  },
  {
    "EntryID": "STOCK-003",
    "Mode": "IN_PROD",
    "LinkedID": "",
    "JobCardID": "JC-2000-IN-01",
    "Vendor": "",
    "Customer": "dhilnoor",
    "Art_No": "452",
    "PRO_NO": "2000",
    "Fabric": "SUITING - BEAVOR - ATLANTIS - 586 - PLAIN - 58\"",
    "Qty": 7.0,
    "Date": "05-Aug-2025",
    "Note": "",
    "Status": "",
    "ProductionID": "PROD-003"
  },
  {
    "EntryID": "STOCK-004",
    "Mode": "IN_PROD",
    "LinkedID": "",
    "JobCardID": "JC-100-IN-01",
    "Vendor": "",
    "Customer": "dhilnoor",
    "Art_No": "555",
    "PRO_NO": "100",
    "Fabric": "SUITING - BEAVOR - ATLANTIS - 586 - PLAIN - 58\"",
    "Qty": 10.0,
    "Date": "05-Aug-2025",
    "Note": "",
    "Status": "",
    "ProductionID": "PROD-004"
  },
  {
    "EntryID": "STOCK-005",
    "Mode": "IN_PROD",
    "LinkedID": "",
    "JobCardID": "JC-5000-IN-01",
    "Vendor": "",
    "Customer": "SALEEK",
    "Art_No": "555",
    "PRO_NO": "5000",
    "Fabric": "SUITING - BEAVOR - ATLANTIS - 586 - PLAIN - 58\"",
    "Qty": 60.0,
    "Date": "05-Aug-2025",
    "Note": "",
    "Status": "",
    "ProductionID": "PROD-005"
  },
  {
    "EntryID": "STOCK-006",
    "Mode": "UNIT_IN",
    "LinkedID": "",
    "JobCardID": "",
    "Vendor": "",
    "PRO_NO": "2000",
    "Fabric": "SUITING - BEAVOR - ATLANTIS - 586 - PLAIN - 58\"",
    "Qty": 100.0,
    "Date": "8/6/25",
    "Note": "",
    "Status": ""
  },
  {
    "EntryID": "STOCK-007",
    "Mode": "IN_PROD",
    "LinkedID": "",
    "JobCardID": "JC-2000-IN-01",
    "Vendor": "",
    "Customer": "dhilnoor",
    "Art_No": "452",
    "PRO_NO": "2000",
    "Fabric": "SUITING - BEAVOR - ATLANTIS - 586 - PLAIN - 58\"",
    "Qty": 6.5,
    "Date": "06-Aug-2025",
    "Note": "",
    "Status": "",
    "ProductionID": "PROD-006"
  },
  {
    "EntryID": "STOCK-008",
    "Mode": "UNIT_IN",
    "LinkedID": "",
    "JobCardID": "",
    "Vendor": "",
    "PRO_NO": "5000",
    "Fabric": "SUITING - BEAVOR - ATLANTIS - 586 - PLAIN - 58\"",
    "Qty": 1000.0,
    "Date": "8/6/25",
    "Note": "",
    "Status": ""
  },
  {
    "EntryID": "STOCK-009",
    "Mode": "IN_PROD",
    "LinkedID": "",
    "JobCardID": "JC-5000-IN-01",
    "Vendor": "",
    "Customer": "SALEEK",
    "Art_No": "555",
    "PRO_NO": "5000",
    "Fabric": "SUITING - BEAVOR - ATLANTIS - 586 - PLAIN - 58\"",
    "Qty": 80.0,
    "Date": "06-Aug-2025",
    "Note": "",
    "Status": "",
    "ProductionID": "PROD-008"
  },
  {
    "EntryID": "STOCK-010",
    "Mode": "IN_PROD",
    "LinkedID": "",
    "JobCardID": "JC-5000-IN-01",
    "Vendor": "",
    "Customer": "SALEEK",
    "Art_No": "555",
    "PRO_NO": "5000",
    "Fabric": "SUITING - BEAVOR - ATLANTIS - 586 - PLAIN - 58\"",
    "Qty": 1000.0,
    "Date": "06-Aug-2025",
    "Note": "",
    "Status": "",
    "ProductionID": "PROD-009"
  },
  {
    "EntryID": "STOCK-011",
    "Mode": "IN_PROD",
    "LinkedID": "",
    "JobCardID": "JC-1000-IN-01",
    "Vendor": "",
    "Customer": "SALEEK",
    "Art_No": "452",
    "PRO_NO": "1000",
    "Fabric": "SUITING - BEAVOR - ATLANTIS - 586 - PLAIN - 58\"",
    "Qty": 12.0,
    "Date": "06-Aug-2025",
    "Note": "",
    "Status": "",
    "ProductionID": "PROD-012"
  },
  {
    "EntryID": "STOCK-012",
    "Mode": "IN_PROD",
    "LinkedID": "",
    "JobCardID": "JC-1000-IN-01",
    "Vendor": "",
    "Customer": "SALEEK",
    "Art_No": "452",
    "PRO_NO": "1000",
    "Fabric": "SUITING - BEAVOR - ATLANTIS - 586 - PLAIN - 58\"",
    "Qty": 1.0,
    "Date": "06-Aug-2025",
    "Note": "",
    "Status": "",
    "ProductionID": "PROD-001"
  },
  {
    "EntryID": "STOCK-013",
    "Mode": "IN_PROD",
    "LinkedID": "",
    "JobCardID": "JC-1000-IN-01",
    "Vendor": "",
    "Customer": "SALEEK",
    "Art_No": "452",
    "PRO_NO": "1000",
    "Fabric": "SUITING - BEAVOR - ATLANTIS - 586 - PLAIN - 58\"",
    "Qty": 0.1,
    "Date": "06-Aug-2025",
    "Note": "",
    "Status": "",
    "ProductionID": "PROD-001"
  },
  {
    "EntryID": "STOCK-014",
    "Mode": "IN_PROD",
    "LinkedID": "",
    "JobCardID": "JC-1000-IN-01",
    "Vendor": "",
    "Customer": "SALEEK",
    "Art_No": "452",
    "PRO_NO": "1000",
    "Fabric": "SUITING - BEAVOR - ATLANTIS - 586 - PLAIN - 58\"",
    "Qty": 0.1,
    "Date": "06-Aug-2025",
    "Note": "",
    "Status": "",
    "ProductionID": "PROD-003"
  },
  {
    "EntryID": "STOCK-015",
    "Mode": "IN_PROD",
    "LinkedID": "",
    "JobCardID": "JC-2000-IN-01",
    "Vendor": "",
    "Customer": "dhilnoor",
    "Art_No": "452",
    "PRO_NO": "2000",
    "Fabric": "SUITING - BEAVOR - ATLANTIS - 586 - PLAIN - 58\"",
    "Qty": 0.1,
    "Date": "06-Aug-2025",
    "Note": "",
    "Status": "",
    "ProductionID": "PROD-005"
  },
  {
    "EntryID": "STOCK-016",
    "Mode": "IN_PROD",
    "LinkedID": "",
    "JobCardID": "JC-5000-IN-01",
    "Vendor": "",
    "Customer": "SALEEK",
    "Art_No": "555",
    "PRO_NO": "5000",
    "Fabric": "SUITING - BEAVOR - ATLANTIS - 586 - PLAIN - 58\"",
    "Qty": 0.1,
    "Date": "06-Aug-2025",
    "Note": "",
    "Status": "",
    "ProductionID": "PROD-006"
  },
  {
    "EntryID": "STOCK-017",
    "Mode": "IN_PROD",
    "LinkedID": "",
    "JobCardID": "JC-5000-IN-01",
    "Vendor": "",
    "Customer": "SALEEK",
    "Art_No": "555",
    "PRO_NO": "5000",
    "Fabric": "SUITING - BEAVOR - ATLANTIS - 586 - PLAIN - 58\"",
    "Qty": 0.05,
    "Date": "06-Aug-2025",
    "Note": "",
    "Status": "",
    "ProductionID": "PROD-007"
  },
  {
    "EntryID": "STOCK-018",
    "Mode": "UNIT_IN",
    "LinkedID": "",
    "JobCardID": "",
    "Vendor": "",
    "PRO_NO": "2000",
    "Fabric": "SUITING - BEAVOR - ATLANTIS - 586 - PLAIN - 58\"",
    "Qty": 100.0,
    "Date": "8/6/25",
    "Note": "",
    "Status": ""
  },
  {
    "EntryID": "STOCK-019",
    "Mode": "IN_PROD",
    "LinkedID": "",
    "JobCardID": "JC-5000-IN-01",
    "Vendor": "",
    "Customer": "SALEEK",
    "Art_No": "555",
    "PRO_NO": "5000",
    "Fabric": "SUITING - BEAVOR - ATLANTIS - 586 - PLAIN - 58\"",
    "Qty": 2.0,
    "Date": "06-Aug-2025",
    "Note": "",
    "Status": "",
    "ProductionID": "PROD-008"
  },
  {
    "EntryID": "STOCK-020",
    "Mode": "IN_PROD",
    "LinkedID": "",
    "JobCardID": "JC-5000-IN-01",
    "Vendor": "",
    "Customer": "SALEEK",
    "Art_No": "555",
    "PRO_NO": "5000",
    "Fabric": "SUITING - BEAVOR - ATLANTIS - 586 - PLAIN - 58\"",
    "Qty": 4.0,
    "Date": "06-Aug-2025",
    "Note": "",
    "Status": "",
    "ProductionID": "PROD-009"
  },
  {
    "EntryID": "STOCK-021",
    "Mode": "IN_PROD",
    "LinkedID": "",
    "JobCardID": "JC-5000-IN-01",
    "Vendor": "",
    "Customer": "SALEEK",
    "Art_No": "555",
    "PRO_NO": "5000",
    "Fabric": "SUITING - BEAVOR - ATLANTIS - 586 - PLAIN - 58\"",
    "Qty": 10.0,
    "Date": "06-Aug-2025",
    "Note": "",
    "Status": "",
    "ProductionID": "PROD-010"
  }
]