[
  {
    "JobCardID": "JC-1000-IN-01",
    "PRO_NO": "1000",
    "Mode": "InHouse",
    "OrderDate": "8/5/25",
    "DueDate": "8/5/25",
    "Customer": "SALEEK",
    "Item": "PANT",
    "Art_No": "452",
    "Total_Qty": 30,
    "PieceRate": "15",
    "Vendor": "",
    "Logo": false,
    "LogoPos": "",
    "Embroidery": false,
    "EmbPos": "",
    "Fabrics": [
      [
        "SUITING",
        "BEAVOR",
        "ATLANTIS",
        "586",
        "PLAIN",
        "58\"",
        "36.0"
      ]
    ],
    "Sizes": {
      "22": 10,
      "24": 15
    },
    "Unsizes": {
      "24XL": 5
    },
    "ProdNotes": [],
    "OtherInstructions": [],
    "Created": "2025-08-05 13:37:18",
    "Stages": []
  },
  {
    "JobCardID": "JC-2000-IN-01",
    "PRO_NO": "2000",
    "Mode": "InHouse",
    "OrderDate": "8/5/25",
    "DueDate": "8/5/25",
    "Customer": "dhilnoor",
    "Item": "PANT",
    "Art_No": "452",
    "Total_Qty": 10,
    "PieceRate": "20",
    "Vendor": "",
    "Logo": false,
    "LogoPos": "",
    "Embroidery": false,
    "EmbPos": "",
    "Fabrics": [
      [
        "SUITING",
        "BEAVOR",
        "ATLANTIS",
        "586",
        "PLAIN",
        "58\"",
        "13.0"
      ]
    ],
    "Sizes": {
      "22": 10
    },
    "Unsizes": {},
    "ProdNotes": [],
    "OtherInstructions": [],
    "Created": "2025-08-05 18:10:55",
    "Stages": []
  },
  {
    "JobCardID": "JC-100-IN-01",
    "PRO_NO": "100",
    "Mode": "InHouse",
    "OrderDate": "8/5/25",
    "DueDate": "8/5/25",
    "Customer": "dhilnoor",
    "Item": "PANT",
    "Art_No": "555",
    "Total_Qty": 11,
    "PieceRate": "20",
    "Vendor": "",
    "Logo": false,
    "LogoPos": "",
    "Embroidery": false,
    "EmbPos": "",
    "Fabrics": [
      [
        "SUITING",
        "BEAVOR",
        "ATLANTIS",
        "586",
        "PLAIN",
        "58\"",
        "11.0"
      ]
    ],
    "Sizes": {
      "22": 10,
      "23": 1
    },
    "Unsizes": {},
    "ProdNotes": [],
    "OtherInstructions": [],
    "Created": "2025-08-05 18:32:04",
    "Stages": []
  },
  {
    "JobCardID": "JC-5000-IN-01",
    "PRO_NO": "5000",
    "Mode": "InHouse",
    "OrderDate": "8/5/25",
    "DueDate": "8/5/25",
    "Customer": "SALEEK",
    "Item": "PANT",
    "Art_No": "555",
    "Total_Qty": 100,
    "PieceRate": "30",
    "Vendor": "",
    "Logo": false,
    "LogoPos": "",
    "Embroidery": false,
    "EmbPos": "",
    "Fabrics": [
      [
        "SUITING",
        "BEAVOR",
        "ATLANTIS",
        "586",
        "PLAIN",
        "58\"",
        "200.0"
      ]
    ],
    "Sizes": {
      "22": 35
    },
    "Unsizes": {
      "ddd": 65
    },
    "ProdNotes": [],
    "OtherInstructions": [],
    "Created": "2025-08-05 18:34:19",
    "Stages": []
  },
  {
    "JobCardID": "JC-5000-IN-02",
    "PRO_NO": "5000",
    "Mode": "InHouse",
    "OrderDate": "8/6/25",
    "DueDate": "8/6/25",
    "Customer": "SALEEK",
    "Item": "PANT",
    "Art_No": "555",
    "Total_Qty": 900,
    "PieceRate": "15",
    "Vendor": "",
    "Logo": false,
    "LogoPos": "",
    "Embroidery": false,
    "EmbPos": "",
    "Fabrics": [
      [
        "SUITING",
        "BEAVOR",
        "ATLANTIS",
        "586",
        "PLAIN",
        "58\"",
        "1800.0"
      ]
    ],
    "Sizes": {
      "24": 900
    },
    "Unsizes": {},
    "ProdNotes": [],
    "OtherInstructions": [],
    "Created": "2025-08-06 17:34:43",
    "Stages": []
  }
]