[
    {
        "PRO_NO": "1000",
        "Customer": "SALEEK",
        "Item": "PANT",
        "Art_No": "452",
        "Quantity": 30,
        "Order_Date": "05/08/2025",
        "Due_Date": "05/08/2025",
        "Status": "In Progress",
        "Buttoning": false,
        "Fabrics": [
            {
                "Fabric Type": "SUITING",
                "Brand": "BEAVOR",
                "Design": "ATLANTIS",
                "Shade No": "586",
                "Shade Type": "PLAIN",
                "Width": "58\"",
                "Avg Cons": "1.2"
            }
        ],
        "Logo": false,
        "Logo_Pos": "",
        "Embroidery": false,
        "Emb_Pos": "",
        "Prod_Notes": [],
        "PieceRate": 15
    },
    {
        "PRO_NO": "2000",
        "Customer": "dhilnoor",
        "Item": "PANT",
        "Art_No": "452",
        "Quantity": 10,
        "Order_Date": "05/08/2025",
        "Due_Date": "05/08/2025",
        "Status": "Completed",
        "Buttoning": false,
        "Fabrics": [
            {
                "Fabric Type": "SUITING",
                "Brand": "BEAVOR",
                "Design": "ATLANTIS",
                "Shade No": "586",
                "Shade Type": "PLAIN",
                "Width": "58\"",
                "Avg Cons": "1.3"
            }
        ],
        "Logo": false,
        "Logo_Pos": "",
        "Embroidery": false,
        "Emb_Pos": "",
        "Prod_Notes": [],
        "PieceRate": 20
    },
    {
        "PRO_NO": "3000",
        "Customer": "vipin",
        "Item": "PANT",
        "Art_No": "555",
        "Quantity": 55,
        "Order_Date": "05/08/2025",
        "Due_Date": "05/08/2025",
        "Status": "Pending",
        "Buttoning": false,
        "Fabrics": [
            {
                "Fabric Type": "SUITING",
                "Brand": "BEAVOR",
                "Design": "ATLANTIS",
                "Shade No": "586",
                "Shade Type": "PLAIN",
                "Width": "58\"",
                "Avg Cons": "1.4"
            }
        ],
        "Logo": false,
        "Logo_Pos": "",
        "Embroidery": false,
        "Emb_Pos": "",
        "Prod_Notes": []
    },
    {
        "PRO_NO": "100",
        "Customer": "dhilnoor",
        "Item": "PANT",
        "Art_No": "555",
        "Quantity": 11,
        "Order_Date": "05/08/2025",
        "Due_Date": "05/08/2025",
        "Status": "Pending",
        "Buttoning": false,
        "Fabrics": [
            {
                "Fabric Type": "SUITING",
                "Brand": "BEAVOR",
                "Design": "ATLANTIS",
                "Shade No": "586",
                "Shade Type": "PLAIN",
                "Width": "58\"",
                "Avg Cons": "1"
            }
        ],
        "Logo": false,
        "Logo_Pos": "",
        "Embroidery": false,
        "Emb_Pos": "",
        "Prod_Notes": [],
        "PieceRate": 20
    },
    {
        "PRO_NO": "5000",
        "Customer": "SALEEK",
        "Item": "PANT",
        "Art_No": "555",
        "Quantity": 1000,
        "Order_Date": "05/08/2025",
        "Due_Date": "05/08/2025",
        "Status": "In Progress",
        "Buttoning": false,
        "Fabrics": [
            {
                "Fabric Type": "SUITING",
                "Brand": "BEAVOR",
                "Design": "ATLANTIS",
                "Shade No": "586",
                "Shade Type": "PLAIN",
                "Width": "58\"",
                "Avg Cons": "2"
            }
        ],
        "Logo": false,
        "Logo_Pos": "",
        "Embroidery": false,
        "Emb_Pos": "",
        "Prod_Notes": [],
        "PieceRate": 15
    }
]