{
  "1000": {
    "main": {
      "22": 10,
      "24": 15
    },
    "unsize": {
      "24XL": 5
    }
  },
  "2000": {
    "main": {
      "22": 10
    },
    "unsize": {}
  },
  "3000": {
    "main": {
      "52": 30,
      "50": 20
    },
    "unsize": {
      "ff": 5
    }
  },
  "100": {
    "main": {
      "22": 10,
      "23": 1
    },
    "unsize": {}
  },
  "5000": {
    "main": {
      "22": 35,
      "24": 900
    },
    "unsize": {
      "ddd": 65
    }
  }
}