[
    {
        "SL_NO": 1,
        "DATE": "06-Aug-2025",
        "PRO_NO": "1000",
        "CUSTOMER": "SALEEK",
        "ITEM": "PANT",
        "ORDER_QTY": "30",
        "CUTTING_DETAIL": {
            "22": 10
        },
        "PACKING_DETAIL": {
            "22": 8
        },
        "BOX_NO": "BOX-001",
        "ProductionID": "PROD-001",
        "ActualMeters": "SUITING - BEAVOR - ATLANTIS - 586 - PLAIN - 58\": 0.1",
        "CUTTING": "10",
        "BUNDLING": "10",
        "BUNDLING_DETAIL": {
            "22": 10
        },
        "STITCH START": "10",
        "STITCH_START_DETAIL": {
            "22": 10
        },
        "STITCH FINISH": "10",
        "STITCH_FINISH_DETAIL": {
            "22": 10
        },
        "BUTTONING": "No Buttons",
        "BUTTONING_DETAIL": {},
        "TRIMMING": "10",
        "TRIMMING_DETAIL": {
            "22": 10
        },
        "IRONING": "10",
        "IRONING_DETAIL": {
            "22": 10
        },
        "PACKING": "8"
    },
    {
        "SL_NO": 1,
        "DATE": "06-Aug-2025",
        "PRO_NO": "1000",
        "CUSTOMER": "SALEEK",
        "ITEM": "PANT",
        "ORDER_QTY": "30",
        "CUTTING_DETAIL": {},
        "PACKING_DETAIL": {
            "22": 2
        },
        "BOX_NO": "BOX-001",
        "ProductionID": "PROD-002",
        "ActualMeters": "",
        "CUTTING": "",
        "BUNDLING": "",
        "BUNDLING_DETAIL": {},
        "STITCH START": "",
        "STITCH_START_DETAIL": {},
        "STITCH FINISH": "",
        "STITCH_FINISH_DETAIL": {},
        "BUTTONING": "No Buttons",
        "BUTTONING_DETAIL": {},
        "TRIMMING": "",
        "TRIMMING_DETAIL": {},
        "IRONING": "",
        "IRONING_DETAIL": {},
        "PACKING": "2"
    },
    {
        "SL_NO": 1,
        "DATE": "06-Aug-2025",
        "PRO_NO": "1000",
        "CUSTOMER": "SALEEK",
        "ITEM": "PANT",
        "ORDER_QTY": "30",
        "CUTTING_DETAIL": {
            "24": 15
        },
        "PACKING_DETAIL": {
            "24": 5
        },
        "BOX_NO": "BOX-001",
        "ProductionID": "PROD-003",
        "ActualMeters": "SUITING - BEAVOR - ATLANTIS - 586 - PLAIN - 58\": 0.1",
        "CUTTING": "15",
        "BUNDLING": "15",
        "BUNDLING_DETAIL": {
            "24": 15
        },
        "STITCH START": "15",
        "STITCH_START_DETAIL": {
            "24": 15
        },
        "STITCH FINISH": "15",
        "STITCH_FINISH_DETAIL": {
            "24": 15
        },
        "BUTTONING": "No Buttons",
        "BUTTONING_DETAIL": {},
        "TRIMMING": "15",
        "TRIMMING_DETAIL": {
            "24": 15
        },
        "IRONING": "15",
        "IRONING_DETAIL": {
            "24": 15
        },
        "PACKING": "5"
    },
    {
        "SL_NO": 1,
        "DATE": "06-Aug-2025",
        "PRO_NO": "1000",
        "CUSTOMER": "SALEEK",
        "ITEM": "PANT",
        "ORDER_QTY": "30",
        "CUTTING_DETAIL": {},
        "PACKING_DETAIL": {
            "24": 10
        },
        "BOX_NO": "BOX-002",
        "ProductionID": "PROD-004",
        "ActualMeters": "",
        "CUTTING": "",
        "BUNDLING": "",
        "BUNDLING_DETAIL": {},
        "STITCH START": "",
        "STITCH_START_DETAIL": {},
        "STITCH FINISH": "",
        "STITCH_FINISH_DETAIL": {},
        "BUTTONING": "No Buttons",
        "BUTTONING_DETAIL": {},
        "TRIMMING": "",
        "TRIMMING_DETAIL": {},
        "IRONING": "",
        "IRONING_DETAIL": {},
        "PACKING": "10"
    },
    {
        "SL_NO": 1,
        "DATE": "06-Aug-2025",
        "PRO_NO": "2000",
        "CUSTOMER": "dhilnoor",
        "ITEM": "PANT",
        "ORDER_QTY": "10",
        "CUTTING_DETAIL": {
            "22": 10
        },
        "PACKING_DETAIL": {
            "22": 10
        },
        "BOX_NO": "BOX-001",
        "ProductionID": "PROD-005",
        "ActualMeters": "SUITING - BEAVOR - ATLANTIS - 586 - PLAIN - 58\": 0.1",
        "CUTTING": "10",
        "BUNDLING": "10",
        "BUNDLING_DETAIL": {
            "22": 10
        },
        "STITCH START": "10",
        "STITCH_START_DETAIL": {
            "22": 10
        },
        "STITCH FINISH": "10",
        "STITCH_FINISH_DETAIL": {
            "22": 10
        },
        "BUTTONING": "No Buttons",
        "BUTTONING_DETAIL": {},
        "TRIMMING": "10",
        "TRIMMING_DETAIL": {
            "22": 10
        },
        "IRONING": "10",
        "IRONING_DETAIL": {
            "22": 10
        },
        "PACKING": "10"
    },
    {
        "SL_NO": 1,
        "DATE": "06-Aug-2025",
        "PRO_NO": "5000",
        "CUSTOMER": "SALEEK",
        "ITEM": "PANT",
        "ORDER_QTY": "1000",
        "CUTTING_DETAIL": {
            "ddd": 65,
            "22": 35
        },
        "PACKING_DETAIL": {
            "ddd": 65,
            "22": 35
        },
        "BOX_NO": "BOX-001",
        "ProductionID": "PROD-006",
        "ActualMeters": "SUITING - BEAVOR - ATLANTIS - 586 - PLAIN - 58\": 0.1",
        "CUTTING": "100",
        "BUNDLING": "100",
        "BUNDLING_DETAIL": {
            "ddd": 65,
            "22": 35
        },
        "STITCH START": "100",
        "STITCH_START_DETAIL": {
            "ddd": 65,
            "22": 35
        },
        "STITCH FINISH": "100",
        "STITCH_FINISH_DETAIL": {
            "ddd": 65,
            "22": 35
        },
        "BUTTONING": "No Buttons",
        "BUTTONING_DETAIL": {},
        "TRIMMING": "100",
        "TRIMMING_DETAIL": {
            "ddd": 65,
            "22": 35
        },
        "IRONING": "100",
        "IRONING_DETAIL": {
            "ddd": 65,
            "22": 35
        },
        "PACKING": "100"
    },
    {
        "SL_NO": 1,
        "DATE": "06-Aug-2025",
        "PRO_NO": "5000",
        "CUSTOMER": "SALEEK",
        "ITEM": "PANT",
        "ORDER_QTY": "1000",
        "CUTTING_DETAIL": {
            "24": 10
        },
        "PACKING_DETAIL": {
            "24": 10
        },
        "BOX_NO": "BOX-002",
        "ProductionID": "PROD-007",
        "ActualMeters": "SUITING - BEAVOR - ATLANTIS - 586 - PLAIN - 58\": 0.05",
        "CUTTING": "10",
        "BUNDLING": "10",
        "BUNDLING_DETAIL": {
            "24": 10
        },
        "STITCH START": "10",
        "STITCH_START_DETAIL": {
            "24": 10
        },
        "STITCH FINISH": "10",
        "STITCH_FINISH_DETAIL": {
            "24": 10
        },
        "BUTTONING": "No Buttons",
        "BUTTONING_DETAIL": {},
        "TRIMMING": "10",
        "TRIMMING_DETAIL": {
            "24": 10
        },
        "IRONING": "10",
        "IRONING_DETAIL": {
            "24": 10
        },
        "PACKING": "10"
    },
    {
        "SL_NO": 1,
        "DATE": "06-Aug-2025",
        "PRO_NO": "5000",
        "CUSTOMER": "SALEEK",
        "ITEM": "PANT",
        "ORDER_QTY": "1000",
        "CUTTING_DETAIL": {
            "24": 1
        },
        "PACKING_DETAIL": {
            "24": 1
        },
        "BOX_NO": "BOX-001",
        "ProductionID": "PROD-008",
        "ActualMeters": "SUITING - BEAVOR - ATLANTIS - 586 - PLAIN - 58\": 2.0",
        "CUTTING": "1",
        "BUNDLING": "1",
        "BUNDLING_DETAIL": {
            "24": 1
        },
        "STITCH START": "1",
        "STITCH_START_DETAIL": {
            "24": 1
        },
        "STITCH FINISH": "1",
        "STITCH_FINISH_DETAIL": {
            "24": 1
        },
        "BUTTONING": "No Buttons",
        "BUTTONING_DETAIL": {},
        "TRIMMING": "1",
        "TRIMMING_DETAIL": {
            "24": 1
        },
        "IRONING": "1",
        "IRONING_DETAIL": {
            "24": 1
        },
        "PACKING": "1"
    },
    {
        "SL_NO": 1,
        "DATE": "06-Aug-2025",
        "PRO_NO": "5000",
        "CUSTOMER": "SALEEK",
        "ITEM": "PANT",
        "ORDER_QTY": "1000",
        "CUTTING_DETAIL": {
            "24": 2
        },
        "PACKING_DETAIL": {
            "24": 2
        },
        "BOX_NO": "BOX-001",
        "ProductionID": "PROD-009",
        "ActualMeters": "SUITING - BEAVOR - ATLANTIS - 586 - PLAIN - 58\": 4.0",
        "CUTTING": "2",
        "BUNDLING": "2",
        "BUNDLING_DETAIL": {
            "24": 2
        },
        "STITCH START": "2",
        "STITCH_START_DETAIL": {
            "24": 2
        },
        "STITCH FINISH": "2",
        "STITCH_FINISH_DETAIL": {
            "24": 2
        },
        "BUTTONING": "No Buttons",
        "BUTTONING_DETAIL": {},
        "TRIMMING": "2",
        "TRIMMING_DETAIL": {
            "24": 2
        },
        "IRONING": "2",
        "IRONING_DETAIL": {
            "24": 2
        },
        "PACKING": "2"
    },
    {
        "SL_NO": 1,
        "DATE": "06-Aug-2025",
        "PRO_NO": "5000",
        "CUSTOMER": "SALEEK",
        "ITEM": "PANT",
        "ORDER_QTY": "1000",
        "CUTTING_DETAIL": {
            "24": 5
        },
        "PACKING_DETAIL": {
            "24": 2
        },
        "BOX_NO": "2-BOX-001",
        "ProductionID": "PROD-010",
        "ActualMeters": "SUITING - BEAVOR - ATLANTIS - 586 - PLAIN - 58\": 10.0",
        "CUTTING": "5",
        "BUNDLING": "5",
        "BUNDLING_DETAIL": {
            "24": 5
        },
        "STITCH START": "5",
        "STITCH_START_DETAIL": {
            "24": 5
        },
        "STITCH FINISH": "5",
        "STITCH_FINISH_DETAIL": {
            "24": 5
        },
        "BUTTONING": "No Buttons",
        "BUTTONING_DETAIL": {},
        "TRIMMING": "5",
        "TRIMMING_DETAIL": {
            "24": 5
        },
        "IRONING": "5",
        "IRONING_DETAIL": {
            "24": 5
        },
        "PACKING": "2"
    },
    {
        "SL_NO": 1,
        "DATE": "06-Aug-2025",
        "PRO_NO": "5000",
        "CUSTOMER": "SALEEK",
        "ITEM": "PANT",
        "ORDER_QTY": "1000",
        "CUTTING_DETAIL": {},
        "PACKING_DETAIL": {
            "24": 3
        },
        "BOX_NO": "2-BOX-002",
        "ProductionID": "PROD-011",
        "ActualMeters": "",
        "CUTTING": "",
        "BUNDLING": "",
        "BUNDLING_DETAIL": {},
        "STITCH START": "",
        "STITCH_START_DETAIL": {},
        "STITCH FINISH": "",
        "STITCH_FINISH_DETAIL": {},
        "BUTTONING": "No Buttons",
        "BUTTONING_DETAIL": {},
        "TRIMMING": "",
        "TRIMMING_DETAIL": {},
        "IRONING": "",
        "IRONING_DETAIL": {},
        "PACKING": "3"
    }
]